{
  "x": [
    [
      0.0
    ],
    [
      0.001043408635351802
    ]
  ],
  "P": [
    [
      0.09993084409901594,
      -0.0008316002699652674
    ],
    [
      -0.0008316002699653158,
      0.010013910099866076
    ]
  ],
  "last_timestamp": "2025-11-25T16:26:32+00:00",
  "truck_id": "BV6395",
  "mpg_current": null,
  "mpg_distance_accum": 0.0,
  "mpg_fuel_accum_gal": 0.0,
  "initialized": true
}