{
  "x": [
    [
      54.8
    ],
    [
      -1.8891290895392077e-17
    ]
  ],
  "P": [
    [
      144.32329315180954,
      -1.2012977432640377
    ],
    [
      -1.2012977432640377,
      0.020006189892895036
    ]
  ],
  "last_timestamp": "2025-11-25T16:26:35+00:00",
  "truck_id": "CO0681",
  "mpg_current": null,
  "mpg_distance_accum": 8.803123767815123,
  "mpg_fuel_accum_gal": 2.608436843793364,
  "initialized": true
}