{
  "x": [
    [
      28.4
    ],
    [
      0.0
    ]
  ],
  "P": [
    [
      2339002.4710000707,
      -4894.799999999997
    ],
    [
      -4894.799999999997,
      14.7099999999999
    ]
  ],
  "last_timestamp": "2025-11-24T22:34:32+00:00",
  "truck_id": "CS8087",
  "mpg_current": null,
  "mpg_distance_accum": 0.0,
  "mpg_fuel_accum_gal": 0.0,
  "initialized": true
}