{
  "x": [
    [
      27.205275080945025
    ],
    [
      0.0031818561234761853
    ]
  ],
  "P": [
    [
      0.9933284352360711,
      -0.008167963009822973
    ],
    [
      -0.00816796300982281,
      0.01013439596513519
    ]
  ],
  "last_timestamp": "2025-11-25T16:26:31+00:00",
  "truck_id": "DO9356",
  "mpg_current": 4.503703136650864,
  "mpg_distance_accum": 5.405426874989644,
  "mpg_fuel_accum_gal": 1.4751330313573048,
  "initialized": true
}