{
  "x": [
    [
      40.0
    ],
    [
      -1.0634937714414835e-16
    ]
  ],
  "P": [
    [
      0.9933284382286232,
      -0.008167962886322926
    ],
    [
      -0.008167962886322933,
      0.010134395932549476
    ]
  ],
  "last_timestamp": "2025-11-25T16:26:29+00:00",
  "truck_id": "DO9693",
  "mpg_current": 4.492046838769743,
  "mpg_distance_accum": 8.725903632410336,
  "mpg_fuel_accum_gal": 1.5008554247745778,
  "initialized": true
}