{
  "x": [
    [
      40.4
    ],
    [
      -1.9875905644498497e-17
    ]
  ],
  "P": [
    [
      0.09993084409914478,
      -0.0008316002698543996
    ],
    [
      -0.0008316002698542935,
      0.010013910099851007
    ]
  ],
  "last_timestamp": "2025-11-25T16:26:09+00:00",
  "truck_id": "DR6664",
  "mpg_current": 1.7513148396222942,
  "mpg_distance_accum": 3.8610191964544356,
  "mpg_fuel_accum_gal": 0.6640953017901629,
  "initialized": true
}