{
  "x": [
    [
      46.0421575581459
    ],
    [
      0.025453507429249525
    ]
  ],
  "P": [
    [
      0.9933289446075109,
      -0.008167900212202523
    ],
    [
      -0.008167900212202373,
      0.010134419061655965
    ]
  ],
  "last_timestamp": "2025-11-25T16:26:23+00:00",
  "truck_id": "FM2416",
  "mpg_current": 6.123825110476584,
  "mpg_distance_accum": 9.189225811744109,
  "mpg_fuel_accum_gal": 16.421752653841345,
  "initialized": true
}