{
  "x": [
    [
      7.197180920282808
    ],
    [
      2.8108664837716234e-05
    ]
  ],
  "P": [
    [
      740194328.8929994,
      -87817.82999999996
    ],
    [
      -87817.82999999996,
      10.629999999999987
    ]
  ],
  "last_timestamp": "2025-11-25T16:26:33+00:00",
  "truck_id": "FM3363",
  "mpg_current": null,
  "mpg_distance_accum": 0.0,
  "mpg_fuel_accum_gal": 0.0,
  "initialized": true
}