{
  "x": [
    [
      14.598021593742297
    ],
    [
      3.0047193447213904e-05
    ]
  ],
  "P": [
    [
      719102062.063,
      -86504.99999999994
    ],
    [
      -86504.99999999994,
      10.629999999999987
    ]
  ],
  "last_timestamp": "2025-11-25T16:24:37+00:00",
  "truck_id": "FM3679",
  "mpg_current": 4.8,
  "mpg_distance_accum": 8.764513140893541,
  "mpg_fuel_accum_gal": 2.2618107824612625,
  "initialized": true
}