{
  "x": [
    [
      40.38333773610192
    ],
    [
      0.01057408843444893
    ]
  ],
  "P": [
    [
      0.993293695477808,
      -0.008174619693985526
    ],
    [
      -0.008174619693985585,
      0.01013485993013019
    ]
  ],
  "last_timestamp": "2025-11-25T16:26:41+00:00",
  "truck_id": "FM9838",
  "mpg_current": 5.8367759847622604,
  "mpg_distance_accum": 9.420886590727605,
  "mpg_fuel_accum_gal": 20.650793893031505,
  "initialized": true
}