{
  "x": [
    [
      100.0
    ],
    [
      -1.8063404499799575e-05
    ]
  ],
  "P": [
    [
      0.9853297943740728,
      -0.012014367473932986
    ],
    [
      -0.01201436747393303,
      0.010295532283528627
    ]
  ],
  "last_timestamp": "2025-11-25T16:25:49+00:00",
  "truck_id": "GP9677",
  "mpg_current": null,
  "mpg_distance_accum": 6.293461103748996,
  "mpg_fuel_accum_gal": 1.0824753098448272,
  "initialized": true
}