{
  "x": [
    [
      94.79999999999983
    ],
    [
      1.769594675962984e-13
    ]
  ],
  "P": [
    [
      0.9950718406938149,
      -0.00703240149017172
    ],
    [
      -0.0070324014901717025,
      0.010099275790048923
    ]
  ],
  "last_timestamp": "2025-11-25T16:26:42+00:00",
  "truck_id": "JB8004",
  "mpg_current": 5.517574331145571,
  "mpg_distance_accum": 0.0,
  "mpg_fuel_accum_gal": 0.0,
  "initialized": true
}