{
  "x": [
    [
      32.01996145827404
    ],
    [
      0.01608792539377789
    ]
  ],
  "P": [
    [
      0.9932936954779045,
      -0.008174619693988125
    ],
    [
      -0.00817461969398825,
      0.010134859930129083
    ]
  ],
  "last_timestamp": "2025-11-25T16:26:37+00:00",
  "truck_id": "JC1282",
  "mpg_current": 4.142109261191945,
  "mpg_distance_accum": 11.737498729955405,
  "mpg_fuel_accum_gal": 12.64771118084473,
  "initialized": true
}