{
  "x": [
    [
      23.99999904809255
    ],
    [
      -0.0064284205603274
    ]
  ],
  "P": [
    [
      0.9999997815941654,
      -0.0014771013287184775
    ],
    [
      -0.0014771013284189394,
      0.01002400235113754
    ]
  ],
  "last_timestamp": "2025-11-25T16:13:40+00:00",
  "truck_id": "JC9352",
  "mpg_current": 4.209718006955076,
  "mpg_distance_accum": 4.517392024805304,
  "mpg_fuel_accum_gal": 2.8206523182671392,
  "initialized": true
}