{
  "x": [
    [
      58.00000000000001
    ],
    [
      0.00044444444951792885
    ]
  ],
  "P": [
    [
      0.0999999986494826,
      -0.00011111097242277879
    ],
    [
      -0.00011111097228422295,
      0.01001247035481967
    ]
  ],
  "last_timestamp": "2025-11-25T16:13:41+00:00",
  "truck_id": "LC6799",
  "mpg_current": null,
  "mpg_distance_accum": 1.196915888809599,
  "mpg_fuel_accum_gal": 0.205869532875251,
  "initialized": true
}