{
  "x": [
    [
      50.0
    ],
    [
      1.3522466790973724e-17
    ]
  ],
  "P": [
    [
      0.09998268102336114,
      -0.00041637764548507885
    ],
    [
      -0.0004163776454850776,
      0.010003483559489544
    ]
  ],
  "last_timestamp": "2025-11-25T16:25:47+00:00",
  "truck_id": "MJ9547",
  "mpg_current": null,
  "mpg_distance_accum": 0.0,
  "mpg_fuel_accum_gal": 0.0,
  "initialized": true
}