{
  "x": [
    [
      46.7862372231883
    ],
    [
      -0.01676220063858476
    ]
  ],
  "P": [
    [
      0.9950718384147771,
      -0.00703240159119524
    ],
    [
      -0.007032401591195336,
      0.010099275814606165
    ]
  ],
  "last_timestamp": "2025-11-25T16:26:44+00:00",
  "truck_id": "NQ6975",
  "mpg_current": 4.43798316142017,
  "mpg_distance_accum": 0.0,
  "mpg_fuel_accum_gal": 0.0,
  "initialized": true
}