{
  "x": [
    [
      35.58218917558691
    ],
    [
      -0.002406356873424373
    ]
  ],
  "P": [
    [
      0.9950718406938,
      -0.0070324014901715515
    ],
    [
      -0.00703240149017148,
      0.010099275790048936
    ]
  ],
  "last_timestamp": "2025-11-25T16:26:44+00:00",
  "truck_id": "OG2033",
  "mpg_current": 5.813953488372093,
  "mpg_distance_accum": 7.953699171775952,
  "mpg_fuel_accum_gal": 33.51360444069957,
  "initialized": true
}