{
  "x": [
    [
      81.60011991734879
    ],
    [
      -2.0091781520410962e-05
    ]
  ],
  "P": [
    [
      0.09991727999849709,
      -0.0009063306186100598
    ],
    [
      -0.0009063306186098963,
      0.010091089670190748
    ]
  ],
  "last_timestamp": "2025-11-25T16:25:54+00:00",
  "truck_id": "PC1280",
  "mpg_current": null,
  "mpg_distance_accum": 0.0,
  "mpg_fuel_accum_gal": 0.0,
  "initialized": true
}