{
  "x": [
    [
      65.60001221950093
    ],
    [
      -9.99053246115489e-07
    ]
  ],
  "P": [
    [
      0.9950718406938227,
      -0.007032401490171711
    ],
    [
      -0.0070324014901717025,
      0.010099275790048936
    ]
  ],
  "last_timestamp": "2025-11-25T16:26:42+00:00",
  "truck_id": "RA9250",
  "mpg_current": 5.130510603759502,
  "mpg_distance_accum": 11.31277984532062,
  "mpg_fuel_accum_gal": 6.213632295055233,
  "initialized": true
}