{
  "x": [
    [
      34.400019366610785
    ],
    [
      1.3201930625979935e-05
    ]
  ],
  "P": [
    [
      0.09993104262308122,
      -0.0008317337664816911
    ],
    [
      -0.0008317337664818236,
      0.010013918332754336
    ]
  ],
  "last_timestamp": "2025-11-25T16:26:36+00:00",
  "truck_id": "RC6625",
  "mpg_current": 4.529290921426027,
  "mpg_distance_accum": 0.5019323091255501,
  "mpg_fuel_accum_gal": 7.973706166067652,
  "initialized": true
}