{
  "x": [
    [
      65.20000000000003
    ],
    [
      7.399501313103848e-15
    ]
  ],
  "P": [
    [
      0.09993084409646748,
      -0.0008316002732631239
    ],
    [
      -0.0008316002732631222,
      0.01001391010020685
    ]
  ],
  "last_timestamp": "2025-11-25T16:26:21+00:00",
  "truck_id": "RD5229",
  "mpg_current": null,
  "mpg_distance_accum": 0.0,
  "mpg_fuel_accum_gal": 0.0,
  "initialized": true
}