{
  "x": [
    [
      43.6
    ],
    [
      -1.0413137014145528e-17
    ]
  ],
  "P": [
    [
      0.09993070620309895,
      -0.0008319418622794738
    ],
    [
      -0.0008319418622795283,
      0.010013929621622954
    ]
  ],
  "last_timestamp": "2025-11-25T16:26:33+00:00",
  "truck_id": "RR3094",
  "mpg_current": null,
  "mpg_distance_accum": 0.0,
  "mpg_fuel_accum_gal": 0.0,
  "initialized": true
}