{
  "x": [
    [
      40.39540747765531
    ],
    [
      0.00012441945850727876
    ]
  ],
  "P": [
    [
      0.9950718406938188,
      -0.007032401490171683
    ],
    [
      -0.0070324014901717025,
      0.010099275790048932
    ]
  ],
  "last_timestamp": "2025-11-25T16:26:38+00:00",
  "truck_id": "RT9127",
  "mpg_current": 5.227007648775775,
  "mpg_distance_accum": 1.3899671592516825,
  "mpg_fuel_accum_gal": 1.6544087595416368,
  "initialized": true
}