{
  "x": [
    [
      51.202755174173134
    ],
    [
      0.003286701934950686
    ]
  ],
  "P": [
    [
      0.9933284382286071,
      -0.008167962886322792
    ],
    [
      -0.00816796288632271,
      0.010134395932549476
    ]
  ],
  "last_timestamp": "2025-11-25T16:26:29+00:00",
  "truck_id": "VD3579",
  "mpg_current": 2.961228109918334,
  "mpg_distance_accum": 11.81471898953896,
  "mpg_fuel_accum_gal": 5.057952357517023,
  "initialized": true
}