{
  "x": [
    [
      71.19391679250145
    ],
    [
      0.006857597541012346
    ]
  ],
  "P": [
    [
      0.993293695477904,
      -0.008174619693988121
    ],
    [
      -0.00817461969398825,
      0.010134859930129084
    ]
  ],
  "last_timestamp": "2025-11-25T16:26:40+00:00",
  "truck_id": "YM6023",
  "mpg_current": 4.629331752975297,
  "mpg_distance_accum": 8.18536367896013,
  "mpg_fuel_accum_gal": 20.351684848220874,
  "initialized": true
}