{
  "VD3579": {
    "distance_accum": 0.49709699989762157,
    "fuel_accum_gal": 2.113376000081189,
    "mpg_current": null,
    "window_count": 0,
    "last_fuel_lvl_pct": 34.0,
    "last_odometer_mi": 627692.642143,
    "last_timestamp": 1764780570,
    "fuel_source_stats": {
      "sensor": 3,
      "fallback": 16
    }
  },
  "JC1282": {
    "distance_accum": 16.155646999948658,
    "fuel_accum_gal": 1.1984189390243651,
    "mpg_current": null,
    "window_count": 0,
    "last_fuel_lvl_pct": 84.0,
    "last_odometer_mi": 891556.780962,
    "last_timestamp": 1764780575,
    "fuel_source_stats": {
      "sensor": 4,
      "fallback": 0
    }
  },
  "JC9352": {
    "distance_accum": 1.491290999983903,
    "fuel_accum_gal": 0.09665484584232618,
    "mpg_current": 6.905374843244889,
    "window_count": 9,
    "last_fuel_lvl_pct": 82.4,
    "last_odometer_mi": 463524.808378,
    "last_timestamp": 1764780539,
    "fuel_source_stats": {
      "sensor": 2,
      "fallback": 0
    }
  },
  "NQ6975": {
    "distance_accum": 0.6213700000662357,
    "fuel_accum_gal": 1.0566880002152175,
    "mpg_current": 6.035170503395291,
    "window_count": 2,
    "last_fuel_lvl_pct": 30.8,
    "last_odometer_mi": 1101521.4594,
    "last_timestamp": 1764780584,
    "fuel_source_stats": {
      "sensor": 2,
      "fallback": 37
    }
  },
  "GP9677": {
    "distance_accum": 4.908830999978818,
    "fuel_accum_gal": 0.27547497247472674,
    "mpg_current": 6.262920548022594,
    "window_count": 1,
    "last_fuel_lvl_pct": 84.4,
    "last_odometer_mi": 604269.440927,
    "last_timestamp": 1764780542,
    "fuel_source_stats": {
      "sensor": 0,
      "fallback": 0
    }
  },
  "JB8004": {
    "distance_accum": 0.0,
    "fuel_accum_gal": 0.0,
    "mpg_current": null,
    "window_count": 0,
    "last_fuel_lvl_pct": null,
    "last_odometer_mi": null,
    "last_timestamp": 1764780560,
    "fuel_source_stats": {
      "sensor": 0,
      "fallback": 0
    }
  },
  "FM2416": {
    "distance_accum": 0.90098795,
    "fuel_accum_gal": 0.1453206370967742,
    "mpg_current": 6.1934474322867175,
    "window_count": 5,
    "last_fuel_lvl_pct": 51.6,
    "last_odometer_mi": 448266.297822929,
    "last_timestamp": 1764129480,
    "fuel_source_stats": {
      "sensor": 0,
      "fallback": 60
    }
  },
  "FM3679": {
    "distance_accum": 0.0,
    "fuel_accum_gal": 0.0,
    "mpg_current": null,
    "window_count": 0,
    "last_fuel_lvl_pct": 34.0,
    "last_odometer_mi": 657702.313822,
    "last_timestamp": 1764780571,
    "fuel_source_stats": {
      "sensor": 0,
      "fallback": 0
    }
  },
  "FM9838": {
    "distance_accum": 1.6207426916666665,
    "fuel_accum_gal": 0.2677988921803723,
    "mpg_current": null,
    "window_count": 0,
    "last_fuel_lvl_pct": 70.0,
    "last_odometer_mi": 458354.17572865996,
    "last_timestamp": 1764128273,
    "fuel_source_stats": {
      "sensor": 0,
      "fallback": 7
    }
  },
  "JB6858": {
    "distance_accum": 11.868185999977868,
    "fuel_accum_gal": 0.7841610358367169,
    "mpg_current": 6.367377932690268,
    "window_count": 12,
    "last_fuel_lvl_pct": 21.2,
    "last_odometer_mi": 309235.717183,
    "last_timestamp": 1764780570,
    "fuel_source_stats": {
      "sensor": 2,
      "fallback": 55
    }
  },
  "JP3281": {
    "distance_accum": 0.0,
    "fuel_accum_gal": 0.0,
    "mpg_current": null,
    "window_count": 0,
    "last_fuel_lvl_pct": null,
    "last_odometer_mi": null,
    "last_timestamp": null,
    "fuel_source_stats": {
      "sensor": 0,
      "fallback": 0
    }
  },
  "JR7099": {
    "distance_accum": 9.320566000067629,
    "fuel_accum_gal": 10.233971937004222,
    "mpg_current": null,
    "window_count": 0,
    "last_fuel_lvl_pct": 42.8,
    "last_odometer_mi": 930437.207174,
    "last_timestamp": 1764779821,
    "fuel_source_stats": {
      "sensor": 1,
      "fallback": 0
    }
  },
  "RA9250": {
    "distance_accum": 2.547620000084862,
    "fuel_accum_gal": 7.07186651969764,
    "mpg_current": null,
    "window_count": 0,
    "last_fuel_lvl_pct": 53.6,
    "last_odometer_mi": 1614070.57557,
    "last_timestamp": 1764780539,
    "fuel_source_stats": {
      "sensor": 1,
      "fallback": 0
    }
  },
  "RH1522": {
    "distance_accum": 23.674235000042245,
    "fuel_accum_gal": 1.4367167550175832,
    "mpg_current": 5.935038339310815,
    "window_count": 1,
    "last_fuel_lvl_pct": 28.8,
    "last_odometer_mi": 845488.086474,
    "last_timestamp": 1764780544,
    "fuel_source_stats": {
      "sensor": 0,
      "fallback": 0
    }
  },
  "RR1272": {
    "distance_accum": 0.0,
    "fuel_accum_gal": 0.0,
    "mpg_current": null,
    "window_count": 0,
    "last_fuel_lvl_pct": null,
    "last_odometer_mi": null,
    "last_timestamp": 1764780579,
    "fuel_source_stats": {
      "sensor": 0,
      "fallback": 0
    }
  },
  "BV6395": {
    "distance_accum": 0.0,
    "fuel_accum_gal": 0.0,
    "mpg_current": null,
    "window_count": 0,
    "last_fuel_lvl_pct": null,
    "last_odometer_mi": null,
    "last_timestamp": null,
    "fuel_source_stats": {
      "sensor": 0,
      "fallback": 0
    }
  },
  "CO0681": {
    "distance_accum": 4.349597000000358,
    "fuel_accum_gal": 0.3064418614276041,
    "mpg_current": null,
    "window_count": 0,
    "last_fuel_lvl_pct": 28.4,
    "last_odometer_mi": 40888.7594211,
    "last_timestamp": 1764780566,
    "fuel_source_stats": {
      "sensor": 1,
      "fallback": 0
    }
  },
  "CS8087": {
    "distance_accum": 0.0,
    "fuel_accum_gal": 0.0,
    "mpg_current": null,
    "window_count": 0,
    "last_fuel_lvl_pct": null,
    "last_odometer_mi": null,
    "last_timestamp": null,
    "fuel_source_stats": {
      "sensor": 0,
      "fallback": 0
    }
  },
  "DR6664": {
    "distance_accum": 8.574919999926351,
    "fuel_accum_gal": 1.0313850373319313,
    "mpg_current": null,
    "window_count": 0,
    "last_fuel_lvl_pct": 23.6,
    "last_odometer_mi": 561023.88344,
    "last_timestamp": 1764780570,
    "fuel_source_stats": {
      "sensor": 0,
      "fallback": 0
    }
  },
  "DO9356": {
    "distance_accum": 15.161452000029385,
    "fuel_accum_gal": 1.106843532140508,
    "mpg_current": null,
    "window_count": 0,
    "last_fuel_lvl_pct": 31.6,
    "last_odometer_mi": 759711.796698,
    "last_timestamp": 1764780581,
    "fuel_source_stats": {
      "sensor": 0,
      "fallback": 0
    }
  },
  "DO9693": {
    "distance_accum": 18.019758999929763,
    "fuel_accum_gal": 0.16500432427839165,
    "mpg_current": 4.91125173406971,
    "window_count": 1,
    "last_fuel_lvl_pct": 34.8,
    "last_odometer_mi": 772126.478593,
    "last_timestamp": 1764780523,
    "fuel_source_stats": {
      "sensor": 4,
      "fallback": 0
    }
  },
  "FS7166": {
    "distance_accum": 2.6211106482442945,
    "fuel_accum_gal": 0.9142488054276238,
    "mpg_current": null,
    "window_count": 0,
    "last_fuel_lvl_pct": 48.0,
    "last_odometer_mi": 622275.6762218447,
    "last_timestamp": 1764780530,
    "fuel_source_stats": {
      "sensor": 3,
      "fallback": 24
    }
  },
  "MA8159": {
    "distance_accum": 0.0,
    "fuel_accum_gal": 0.0,
    "mpg_current": null,
    "window_count": 0,
    "last_fuel_lvl_pct": null,
    "last_odometer_mi": null,
    "last_timestamp": null,
    "fuel_source_stats": {
      "sensor": 0,
      "fallback": 0
    }
  },
  "MO0195": {
    "distance_accum": 0.0,
    "fuel_accum_gal": 0.0,
    "mpg_current": null,
    "window_count": 0,
    "last_fuel_lvl_pct": null,
    "last_odometer_mi": null,
    "last_timestamp": 1764780528,
    "fuel_source_stats": {
      "sensor": 0,
      "fallback": 0
    }
  },
  "PC1280": {
    "distance_accum": 9.444839000003412,
    "fuel_accum_gal": 1.5272940541187732,
    "mpg_current": 7.2410425010868575,
    "window_count": 6,
    "last_fuel_lvl_pct": 55.6,
    "last_odometer_mi": 273113.059743,
    "last_timestamp": 1764780577,
    "fuel_source_stats": {
      "sensor": 5,
      "fallback": 14
    }
  },
  "RD5229": {
    "distance_accum": 0.0,