{
  "VD3579": {
    "distance_accum": 0.49709699989762157,
    "fuel_accum_gal": 2.113376000081189,
    "mpg_current": null,
    "window_count": 0,
    "last_fuel_lvl_pct": 34.0,
    "last_odometer_mi": 627692.642143,
    "last_timestamp": 1764781410,
    "fuel_source_stats": {
      "sensor": 3,
      "fallback": 16
    }
  },
  "JC1282": {
    "distance_accum": 6.21371000004001,
    "fuel_accum_gal": 0.5772156217336211,
    "mpg_current": 3.8779332457535514,
    "window_count": 1,
    "last_fuel_lvl_pct": 86.0,
    "last_odometer_mi": 891564.361688,
    "last_timestamp": 1764781415,
    "fuel_source_stats": {
      "sensor": 5,
      "fallback": 0
    }
  },
  "JC9352": {
    "distance_accum": 1.6155649999855086,
    "fuel_accum_gal": 1.253739611828924,
    "mpg_current": 6.905374843244889,
    "window_count": 9,
    "last_fuel_lvl_pct": 82.4,
    "last_odometer_mi": 463524.932652,
    "last_timestamp": 1764781277,
    "fuel_source_stats": {
      "sensor": 2,
      "fallback": 0
    }
  },
  "NQ6975": {
    "distance_accum": 0.6835100001189858,
    "fuel_accum_gal": 10.65666263968624,
    "mpg_current": 6.035170503395291,
    "window_count": 2,
    "last_fuel_lvl_pct": 26.8,
    "last_odometer_mi": 1101521.58368,
    "last_timestamp": 1764781068,
    "fuel_source_stats": {
      "sensor": 3,
      "fallback": 37
    }
  },
  "GP9677": {
    "distance_accum": 4.908830999978818,
    "fuel_accum_gal": 0.27547497247472674,
    "mpg_current": 6.262920548022594,
    "window_count": 1,
    "last_fuel_lvl_pct": 84.4,
    "last_odometer_mi": 604269.440927,
    "last_timestamp": 1764781382,
    "fuel_source_stats": {
      "sensor": 0,
      "fallback": 0
    }
  },
  "JB8004": {
    "distance_accum": 0.0,
    "fuel_accum_gal": 0.0,
    "mpg_current": null,
    "window_count": 0,
    "last_fuel_lvl_pct": null,
    "last_odometer_mi": null,
    "last_timestamp": 1764781400,
    "fuel_source_stats": {
      "sensor": 0,
      "fallback": 0
    }
  },
  "FM2416": {
    "distance_accum": 0.90098795,
    "fuel_accum_gal": 0.1453206370967742,
    "mpg_current": 6.1934474322867175,
    "window_count": 5,
    "last_fuel_lvl_pct": 51.6,
    "last_odometer_mi": 448266.297822929,
    "last_timestamp": 1764129480,
    "fuel_source_stats": {
      "sensor": 0,
      "fallback": 60
    }
  },
  "FM3679": {
    "distance_accum": 0.0,
    "fuel_accum_gal": 0.0,
    "mpg_current": null,
    "window_count": 0,
    "last_fuel_lvl_pct": 34.0,
    "last_odometer_mi": 657702.313822,
    "last_timestamp": 1764781411,
    "fuel_source_stats": {
      "sensor": 0,
      "fallback": 0
    }
  },
  "FM9838": {
    "distance_accum": 1.6207426916666665,
    "fuel_accum_gal": 0.2677988921803723,
    "mpg_current": null,
    "window_count": 0,
    "last_fuel_lvl_pct": 70.0,
    "last_odometer_mi": 458354.17572865996,
    "last_timestamp": 1764128273,
    "fuel_source_stats": {
      "sensor": 0,
      "fallback": 7
    }
  },
  "JB6858": {
    "distance_accum": 4.660281999967992,
    "fuel_accum_gal": 1.061884513662031,
    "mpg_current": 6.367377932690268,
    "window_count": 12,
    "last_fuel_lvl_pct": 21.2,
    "last_odometer_mi": 309252.307788,
    "last_timestamp": 1764781410,
    "fuel_source_stats": {
      "sensor": 2,
      "fallback": 55
    }
  },
  "JP3281": {
    "distance_accum": 0.0,
    "fuel_accum_gal": 0.0,
    "mpg_current": null,
    "window_count": 0,
    "last_fuel_lvl_pct": null,
    "last_odometer_mi": null,
    "last_timestamp": null,
    "fuel_source_stats": {
      "sensor": 0,
      "fallback": 0
    }
  },
  "JR7099": {
    "distance_accum": 9.320566000067629,
    "fuel_accum_gal": 10.233971937004222,
    "mpg_current": null,
    "window_count": 0,
    "last_fuel_lvl_pct": 42.8,
    "last_odometer_mi": 930437.207174,
    "last_timestamp": 1764780721,
    "fuel_source_stats": {
      "sensor": 1,
      "fallback": 0
    }
  },
  "RA9250": {
    "distance_accum": 2.547620000084862,
    "fuel_accum_gal": 7.07186651969764,
    "mpg_current": null,
    "window_count": 0,
    "last_fuel_lvl_pct": 53.6,
    "last_odometer_mi": 1614070.57557,
    "last_timestamp": 1764781379,
    "fuel_source_stats": {
      "sensor": 1,
      "fallback": 0
    }
  },
  "RH1522": {
    "distance_accum": 23.674235000042245,
    "fuel_accum_gal": 1.4367167550175832,
    "mpg_current": 5.935038339310815,
    "window_count": 1,
    "last_fuel_lvl_pct": 29.2,
    "last_odometer_mi": 845488.210748,
    "last_timestamp": 1764781357,
    "fuel_source_stats": {
      "sensor": 0,
      "fallback": 0
    }
  },
  "RR1272": {
    "distance_accum": 0.0,
    "fuel_accum_gal": 0.0,
    "mpg_current": null,
    "window_count": 0,
    "last_fuel_lvl_pct": null,
    "last_odometer_mi": null,
    "last_timestamp": 1764781419,
    "fuel_source_stats": {
      "sensor": 0,
      "fallback": 0
    }
  },
  "BV6395": {
    "distance_accum": 0.0,
    "fuel_accum_gal": 0.0,
    "mpg_current": null,
    "window_count": 0,
    "last_fuel_lvl_pct": null,
    "last_odometer_mi": null,
    "last_timestamp": null,
    "fuel_source_stats": {
      "sensor": 0,
      "fallback": 0
    }
  },
  "CO0681": {
    "distance_accum": 19.88387199999852,
    "fuel_accum_gal": 1.3727532667091105,
    "mpg_current": null,
    "window_count": 0,
    "last_fuel_lvl_pct": 28.4,
    "last_odometer_mi": 40904.2936961,
    "last_timestamp": 1764781426,
    "fuel_source_stats": {
      "sensor": 1,
      "fallback": 0
    }
  },
  "CS8087": {
    "distance_accum": 0.0,
    "fuel_accum_gal": 0.0,
    "mpg_current": null,
    "window_count": 0,
    "last_fuel_lvl_pct": null,
    "last_odometer_mi": null,
    "last_timestamp": null,
    "fuel_source_stats": {
      "sensor": 0,
      "fallback": 0
    }
  },
  "DR6664": {
    "distance_accum": 0.7456460000248626,
    "fuel_accum_gal": 0.09130451743228166,
    "mpg_current": null,
    "window_count": 0,
    "last_fuel_lvl_pct": 20.0,
    "last_odometer_mi": 561032.45836,
    "last_timestamp": 1764781430,
    "fuel_source_stats": {
      "sensor": 0,
      "fallback": 0
    }
  },
  "DO9356": {
    "distance_accum": 9.072017000056803,
    "fuel_accum_gal": 0.5583562678811542,
    "mpg_current": null,
    "window_count": 0,
    "last_fuel_lvl_pct": 28.0,
    "last_odometer_mi": 759727.330973,
    "last_timestamp": 1764781421,
    "fuel_source_stats": {
      "sensor": 0,
      "fallback": 0
    }
  },
  "DO9693": {
    "distance_accum": 18.019758999929763,
    "fuel_accum_gal": 0.16500432427839165,
    "mpg_current": 4.91125173406971,
    "window_count": 1,
    "last_fuel_lvl_pct": 34.8,
    "last_odometer_mi": 772126.478593,
    "last_timestamp": 1764781423,
    "fuel_source_stats": {
      "sensor": 4,
      "fallback": 0
    }
  },
  "FS7166": {
    "distance_accum": 2.6211106482442945,
    "fuel_accum_gal": 0.9142488054276238,
    "mpg_current": null,
    "window_count": 0,
    "last_fuel_lvl_pct": 48.0,
    "last_odometer_mi": 622275.6762218447,
    "last_timestamp": 1764781430,
    "fuel_source_stats": {
      "sensor": 3,
      "fallback": 24
    }
  },
  "MA8159": {
    "distance_accum": 0.0,
    "fuel_accum_gal": 0.0,
    "mpg_current": null,
    "window_count": 0,
    "last_fuel_lvl_pct": null,
    "last_odometer_mi": null,
    "last_timestamp": null,
    "fuel_source_stats": {
      "sensor": 0,
      "fallback": 0
    }
  },
  "MO0195": {
    "distance_accum": 0.0,
    "fuel_accum_gal": 0.0,
    "mpg_current": null,
    "window_count": 0,
    "last_fuel_lvl_pct": null,
    "last_odometer_mi": null,
    "last_timestamp": 1764781428,
    "fuel_source_stats": {
      "sensor": 0,
      "fallback": 0
    }
  },
  "PC1280": {
    "distance_accum": 2.796169999986887,
    "fuel_accum_gal": 3.170064000005368,
    "mpg_current": 7.2343702547878,
    "window_count": 7,
    "last_fuel_lvl_pct": 55.6,
    "last_odometer_mi": 273119.894824,
    "last_timestamp": 1764781394,
    "fuel_source_stats": {
      "sensor": 5,
      "fallback": 14
    }
  },